1,1,两广线,1,红庙,红庙路口东北角，东方时尚报名处向东50米，路北侧，对面是八里庄街道办事处,5:40,6:55,11:15,15:15,20130801170209250.JPG;20130801170216015.JPG;20130715143247169.JPG
2,1,两广线,2,甜水园北里,京客隆甜水园店门前主路边上导流带处，在路东侧,5:43,6:59,11:19,15:19,20130715143817434.JPG;20130715143840763.JPG
3,1,两广线,3,甜水园街北口,635、677路甜水园街北口站公交车站进站口处，在路北侧,5:44,7:00,11:20,15:20,20130715144229716.JPG;20130715144241622.JPG
4,1,两广线,4,团结湖,京朝大厦门前马路边豁口处，在主路的路北侧,5:45,7:01,11:22,15:22,20130715144531966.JPG;20130715144553809.JPG
5,1,两广线,5,白家庄,43、974路白家庄站公交车站出站口处，在三环辅路路西侧,5:49,7:07,11:26,15:26,20130715144740247.JPG;20130715144759091.JPG;20130715144809622.JPG
6,1,两广线,6,呼家楼,京广商务中心肯德基快餐厅门前路边，地铁呼家楼站150米指路牌处，在三环路辅路路西侧,5:52,7:10,11:29,15:29,20130715145043325.JPG;20130715145059669.JPG;20130715145109559.JPG
7,1,两广线,7,光华桥南,9、405、707路光华桥南站公交车站出站口处，在三环路辅路路西侧,5:54,7:13,11:33,15:33,20130715145319919.JPG;20130715145429294.JPG;20130715145445903.JPG
8,1,两广线,8,大北窑南,707、974、938路大北窑南站公交车站北侧30米处，在三环路辅路路西侧，背后是建外SOHO,5:57,7:16,11:37,15:37,20130801183105406.JPG;20130715145704731.JPG;20130801183126703.JPG
9,1,两广线,9,双井桥西,23、715路双井桥西站公交车站东侧过街天桥下，在主路的路北侧，左背后是国美电器,6:00,7:20,11:41,15:41,20130715145922278.JPG;20130715145932341.JPG;20130715145945059.JPG
10,1,两广线,10,安化楼,715、23、57路安化楼站公交车站进站口处，在路北侧，背后是个幼儿园,6:04,7:27,11:49,15:49,20130715150035466.JPG;20130715150046575.JPG
11,1,两广线,11,磁器口西,23、57、715路磁器口西站公交车站西侧过街天桥下，在路北侧，背后是大龙建设,6:07,7:33,11:54,15:54,20130715150226388.JPG;20130715150240044.JPG;20130715150252981.JPG
12,1,两广线,12,珠市口西,23、57、715路珠市口西站公交车站东侧人行过街天桥下，在主路路北侧,6:10,7:37,11:58,15:58,20130715150425403.JPG;20130715150453075.JPG;20130715150501794.JPG
13,1,两广线,13,虎坊桥路口西,5、6、105路虎坊桥路口西站公交车站进站口处，在主路路北侧,6:13,7:42,12:02,16:02,20130715150617419.JPG;20130715150643059.JPG
14,1,两广线,14,菜市口西,5、48、57路菜市口西站公交车站东侧20米处，在路北侧,6:16,7:45,12:05,16:05,20130715150821747.JPG;20130715150856872.JPG;20130715150904747.JPG
15,1,两广线,15,牛街（九点去校时不停）,北京市回民学校南门口的主辅路豁口处，在主路路北侧,6:18,不停,12:07,16:07,20130715151401903.JPG;20130715151418981.JPG
16,1,两广线,16,广安门内,40、741、381路广安门内站公交车站出站口处，右背后有个兴业银行,6:21,7:50,12:11,16:11,20130715151529013.JPG;20130715151538450.JPG;20130715151548997.JPG
17,1,两广线,17,达官营,46、340、390、410路达官营站公交车站东侧过街天桥下，在主路路北侧,6:24,7:53,12:15,16:15,20130715151635466.JPG;20130715151648544.JPG;20130715151659981.JPG
18,1,两广线,18,湾子,湾子路口西北角原鸿坤大酒店楼下，收费停车场南门口，人行横道处，在辅路路北侧。,6:26,7:56,12:18,16:18,20130923103911629.jpg;20130923132448129.jpg
19,1,两广线,19,夏家胡同（九点返回不停）,300路夏家胡同站公交车站出站口处，在主路过街天桥下，在路南侧,6:33,8:04,12:26,16:26,20130715151915950.JPG;20130715151922013.JPG
20,1,两广线,20,玉泉营桥西（九点返回不停）,300路玉泉营西站公交车站出站口处，在主路过街天桥下，在路南侧,6:34,8:05,12:27,16:27,20130715152003950.JPG;20130715152010356.JPG
21,1,两广线,21,训练场,东方时尚驾校,6:55,8:55,12:55,16:55,
22,1,两广线,22,返回,东方时尚驾校,9:05,13:05,17:15,19:15/21:05,
23,2,望京线,1,望京北路利泽中一路,望京家乐福北门门前主路路边，在路南侧,5:40,7:00,11:15,15:15,20130715155527559.JPG;20130715155532216.JPG;20130715155537309.JPG
24,2,望京线,2,望京花园,运通104、132路望京花园站公交车站出站口处，在路西侧,5:42,7:02,11:17,15:17,20130715155416778.JPG;20130715155424122.JPG;20130715155428747.JPG
25,2,望京线,3,望京西园,博泰大厦门前路边，对面是中国石化加油站，在路北侧,5:43,7:04,11:18,15:18,20130715155322184.JPG;20130715155330513.JPG
26,2,望京线,4,南湖东园,471、446、运通113路南湖东园公交车站进站口处，在主路路西侧，背后是东方时尚报名处,5:46,7：06,11:22,15:22,20130715155228903.JPG;20130715155237106.JPG
27,2,望京线,5,南湖南路,运通110、运通201、939路南湖南路站公交车站进站口处，在主路路西侧,5:48,7:09,11:24,15：24,20130715155059606.JPG;20130715155108747.JPG
28,2,望京线,6,望京医院,667、983、707、运通107、望京医院站公交车站北侧望京医院东大门口处，在路西侧,5:51,7:12,11:27,15:27,20130715154946700.JPG;20130715154958044.JPG
29,2,望京线,7,丽都饭店,将台路上的420、701、983、677、657路丽都饭店站公交车站进站口，丽都饭店东大门口处，在路西侧,5:53,7:14,11:29,15:29,20130804071633982.JPG;20130804071701498.JPG;20130804071710982.JPG
30,2,望京线,8,芳园里西站,运通104、657、682、421路芳园里西站公交车进站口处，在主路路北侧,5:55,7:16,11:31,15:31,20130715154256294.JPG;20130715154339559.JPG
31,2,望京线,9,红领巾桥南,496、657、628、731、740路内环红领巾桥南站公交车站进站口处，在四环路辅路路西侧。,6:02,7:28,11:42,15:42,20130715154140247.JPG;20130715154151122.JPG
32,2,望京线,10,八王坟南,649、715、605、677路八王坟南站公交车站进站口北侧，建外地区社会服务管理中心门前主路上，在路西侧,6:06,7:34,11:48,15:48,20130715154016481.JPG;20130715154027466.JPG;20130715154034919.JPG
33,2,望京线,11,九龙山,广汽本田专卖店南加油站门前马路边上（在路西侧）,6:08,7:39,11:52,15:52,20130715153840106.JPG;20130715153853309.JPG;20130715153905434.JPG
34,2,望京线,12,珠江帝景,加油站入口处在主路路西侧（对面有个北京银行）,6:10,7:41,11:54,15:54,20130715153715731.JPG;20130715153736700.JPG;20130715153745263.JPG
35,2,望京线,13,平乐园,52路总站停车场入口西侧红绿灯下方，背后是朝阳公安分局出入境接待大厅（在主路路北侧）,6:12,7:45,11:56,15:56,20140212144441421.jpg;20140212144450625.jpg;20140212144457578.jpg
36,2,望京线,14,劲松桥南,地铁10号线劲松站D出口南行20米铁栅栏外，在辅路路西侧，背后有个民生银行的ATM取款机,6:15,7:50,12:00,16:00,20130715153338169.JPG;20130715153406919.JPG;20130715153436653.JPG
37,2,望京线,15,十里河桥北,三环主路300路十里河桥北站公交车站车站进站口处在人行过街天桥下，在路西侧。,6:17,7:54,12:02,16:02,20130715153228184.JPG;20130715153241794.JPG;20130715153249513.JPG
38,2,望京线,16,方庄桥东,三环主路300路方庄桥东站公交车站进站口处，在主路路北侧，人行过街天桥下方东侧。,6:19,7:57,12:04,16:04,20130715153133075.JPG
39,2,望京线,17,方庄桥西,三环主路300路方庄桥西站公交车站出站口处，在主路路北侧，人行过街天桥下方西侧。,6:20,7:59,12:06,16:06,20130715153047028.JPG
40,2,望京线,18,刘家窑桥南,599路刘家窑桥南站公交车站进站口处，在主路路西侧（对面是铁营医院红色大楼）,6:24,8:03,12:09,16:09,20130715152922091.JPG;20130715152933325.JPG
41,2,望京线,19,榴乡桥北,599路榴乡桥北站公交车站进站口处，在主路路西侧，等车地点的背后有个京深海鲜旗舰店,6:27,8:05,12:11,16:11,20130715152756559.JPG;20130715152806684.JPG;20130715152816981.JPG
42,2,望京线,20,训练场,东方时尚驾校,6:55,8:55,12:55,16:55,
43,2,望京线,21,返回,东方时尚驾校,9:05,13:05,17:15,19:15/21:05,
44,3,天桥线,1,红桥路口西,元隆丝绸股份有限公司门前路边。（在路北侧）,5:50,7:30,11:30,15:30,20130715162121653.JPG;20130715162126888.JPG
45,3,天桥线,2,金鱼池,6、35、106路金鱼池站，公交车站处（在路北侧）,5:52,7:32,11:32,15:32,20130715162029700.JPG;20130715162034888.JPG
46,3,天桥线,3,天桥,中华影城门前7、106、110路天桥站公交车站处(在路西侧）,5:54,7:36,11:36,15:36,20130715161935591.JPG;20130715161940559.JPG
47,3,天桥线,4,北纬路,836路天桥站公交车站出站口处，正对面是潇湘大厦（在路北侧）,5:56,7:39,11:39,15:39,20130715161842997.JPG;20130715161848825.JPG
48,3,天桥线,5,虎坊路,中央芭蕾舞团门前右侧路边，在太平街上（在路西侧）,5:58,7:42,11:42,15:42,20130715161748700.JPG;20130715161755903.JPG
49,3,天桥线,6,太平街（陶然亭公园东门）,陶然亭公园东门北侧，自行车存车处前（在路西侧）,6:00,7:44,11:44,15:44,20130715161644950.JPG;20130715161651888.JPG
50,3,天桥线,7,四路通,66、603、70路四路通站公交车站出站口处（在路西侧）,6:02,7:48,11:48,15:48,20130715161530716.JPG;20130715161540794.JPG;20130715161549184.JPG
51,3,天桥线,8,马家堡东口,66、698、343路马家堡东口站公交车站出站口处（在路西侧）,6:05,7:53,11:53,15:53,20130715161431559.JPG;20130715161444809.JPG
52,3,天桥线,9,角门北路,中国康复研究中心北京博爱医院正门对面，在路北侧，背后有个鲜花水果店,6:07,7:55,11:55,15:55,20130715161219606.JPG;20130715161231622.JPG;20130715161248747.JPG
53,3,天桥线,10,嘉园二里东门,51、54路嘉园二里东门站，公交车站北侧20米人行过街天桥下（在路西侧),6:09,7:58,11:58,15:58,20130715161123513.JPG;20130715161131747.JPG
54,3,天桥线,11,欣园小区东,501、529路欣园小区东站公交车站处（在路北侧）,6:11,8:01,12:01,16:01,20130715161013513.JPG;20130715161027747.JPG
55,3,天桥线,12,欣园四区,10号线地铁草桥站B出口东侧100米红绿灯东北角，易佰连锁旅店门前路边（在路北侧）,6:13,8:03,12:03,16:03,20130715160926997.JPG
56,3,天桥线,13,玉泉营桥南,381、483、497、529路玉泉营桥南站公交车站出站口处（在路西侧）,6:15,8:05,12:05,16:05,20130715160830575.JPG
57,3,天桥线,14,新发地桥北,410、483、646路新发地桥北站公交车站南侧20米，，新发地酒店用品大厅门前路边（在路西侧）,6:17,8:09,12:09,16:09,20130715160727184.JPG;20130715160740419.JPG
58,3,天桥线,15,九龙山庄,676、844、679路九龙山庄站公交车站出站口处（在路西侧）,6:20,8:13,12:13,16:13,20130715160635575.JPG
59,3,天桥线,16,西红门北站,676、679、631路西红门北站公交车站出站口处，过街天桥下（在路西侧）,6:22,8:16,12:16,16:16,20130715160544747.JPG
60,3,天桥线,17,西红门南站,377、410、610路西红门南站公交车站出站口处，过街天桥下（在路西侧）,6:25,8:20,12:20,16:20,20130715160423309.JPG
61,3,天桥线,18,郁花园一里,环城1路、377、兴14路郁花园一里站公交车站出站口处，在路北侧（对面是郁花园一里小区北门）,6:27,8:23,12:23,16:23,20130715160325606.JPG;20130715160334950.JPG
62,3,天桥线,19,高米店北,地铁高米店北站A出口，631路、新城3路、环城1路高米店北地铁站公交车站进站口处，在路西侧（对面是郁花园二里19号楼）,6:29,8:26,12:26,16:26,20130715160216278.JPG;20130715160224747.JPG;20130715160232919.JPG
63,3,天桥线,20,金星西路（大兴法院）,新城1路，专24路，金星西路大兴法院站，公交车站出站口处，在路北侧（斜对面是大兴区法院）,6:31,8:29,12：29,16:29,20130715160115747.JPG;20130715160124450.JPG
64,3,天桥线,21,训练场,东方时尚驾校,6:55,8:55,12:55,16:55,
65,3,天桥线,22,返回,东方时尚驾校,9:05,13:05,17:15,19:15/21:05,
66,4,卢沟桥线,1,晓月苑二里,715、693路晓月苑二里站公交车站出站口处，在路东侧（正对面是北京电梯厂东大门）,5:50,7:20,11:20,15:20,20130715163709934.JPG;20130715163714544.JPG
67,4,卢沟桥线,2,晓月苑一里,693、301、313路晓月苑一里站公交车站出站口处，在路东侧,5:51,7:21,11:21,15:21,20130715163639997.JPG
68,4,卢沟桥线,3,抗战雕塑园,624、952、978、983路抗战雕塑园站公交车站出站口处，在路北侧,5:53,7:27,11:26,15:26,20130715163554044.JPG
69,4,卢沟桥线,4,杜家坎南,459、831、896、路杜家坎南站公交车站港湾处，在主路路西侧（背后是东方银鼎家居建材广场）,5:56,7:33,11:31,15:31,20130715163502966.JPG;20130715163512403.JPG;20130715163517263.JPG
70,4,卢沟桥线,5,长辛店北口,329、339、459、952路长辛店北口站公交车站出站口处，在路西侧（对面是北京瑞博门诊部）,5:58,7:35,11:33,15:33,20130715163415481.JPG;20130715163420747.JPG
71,4,卢沟桥线,6,长辛店南口,952、391、662、、329路长辛店南口站公交车站出站口处，在路西侧,6:00,7:37,11:35,15:35,20130715163328622.JPG;20130715163335966.JPG
72,4,卢沟桥线,7,北京十中,983、830、329、978路北京十中站公交车站出站口处，在路西侧,6:02,7:39,11:37,15:37,20130715163221356.JPG;20130715163231763.JPG
73,4,卢沟桥线,8,朱家坟,339、459、836、983路朱家坟站公交车站港湾处，在路北侧,6:04,7:42,11:40,15:40,20130715163125044.JPG;20130715163134356.JPG;20130715163142075.JPG
74,4,卢沟桥线,9,佃起村,836、459、978路佃起村公交车站处，在路北侧（背后是航天七三一医院）,6:06,7:45,11:43,15:43,20130715163017481.JPG;20130715163026966.JPG;20130715163034825.JPG
75,4,卢沟桥线,10,云岗北区,836、459、951路云岗北区站公交车处，在路北侧,6:08,7:47,11:45,15:45,20130715162908559.JPG;20130715162918950.JPG;20130715162925559.JPG
76,4,卢沟桥线,11,南宫市场,321、836、831路南宫市场站公交车站北侧20米，在路西侧（背后是恒源商厦大门）,6:10,7:50,11:48,15:48,20130715162806794.JPG;20130715162815575.JPG;20130715162821638.JPG
77,4,卢沟桥线,12,世界地热博览园,951、458路世界地热博览园站公交车站出站口处，在路西侧,6:13,7:54,11:52,15:52,20130715162712044.JPG;20130715162718388.JPG
78,4,卢沟桥线,13,地铁长阳站,646路地铁长阳站公交车站西侧100米人行过街天桥下，在路南侧（背后是地铁长阳站）,6:26,8:12,12:10,16:10,20131031175650281.JPG
79,4,卢沟桥线,14,训练场,东方时尚驾校,6:55,8:55,12:55,16:55,
80,4,卢沟桥线,15,返回,东方时尚驾校,9:05,13:05,17:15,19:15/21:05,
81,5,东线,1,慧忠北里,985、653路慧忠北里站公交车站后面辅路，麦当劳门前人行横道处，在路西侧，对面是中奥马哥孛罗大酒店,5:50,7:00,11:20,15:20,20130715171752388.JPG;20130715171800888.JPG
82,5,东线,2,炎黄艺术馆,特2、328、379路炎黄艺术馆站公交车站进站口，人行过街天桥北侧班车站牌处，在主路路西侧（对面是飘亮购物中心）,5:52,7:03,11:23,15:23,20130715171700028.JPG;20130715171711075.JPG;20130715171717513.JPG
83,5,东线,3,奥体东门,328、620、758路奥体东门站公交车站进站口，人行过街天桥北侧班车站牌处，在主路路西侧，对面是锦江之星旅馆,5:54,7:07,11:27,15:27,20130715171607044.JPG;20130715171614247.JPG;20130715171620013.JPG
84,5,东线,4,蒋宅口,104、124、108路蒋宅口站公交车站进站口处，在主路路西侧（对面是隆和宾馆）,5:58,7:13,11:34,15:34,20130715171506622.JPG;20130715171521388.JPG;20130715171529903.JPG
85,5,东线,5,安定门,安定门桥上东南角五道营胡同口，公共卫生间门前,6:00,7:15,11:36,15:36,20130715171412622.JPG;20130715171426559.JPG
86,5,东线,6,雍和宫桥东,特2、18、684、130路雍和宫桥东站公交车站出站口处，在辅路路南侧（背后是地铁雍和宫站B出口报亭）,6:02,7:17,11:38,15:38,20130715171319872.JPG;20130715171327559.JPG
87,5,东线,7,东直门（在东中街里面）,天恒大厦往南，东环广场广东发展银行门前路边豁口处，在路西侧（斜对面是东方时尚报名处）,6:06,7:23,11:44,15:44,20130715171214622.JPG;20130715171229684.JPG
88,5,东线,8,东四十条（在东中街里面）,保利剧院东门口，在路西侧，对面是新中西里19号楼，背后是同鼎轩,6:07,7:24,11:45,15:45,20130715171058731.JPG;20130715171111200.JPG;20130715171124169.JPG
89,5,东线,9,朝阳门南,特12内、特2内、44路内环朝阳门南站公交车站出站口处，人行过街天桥正下方，在主路路西侧,6:10,7:27,11:48,15:48,20130715171001934.JPG;20130715171011028.JPG
90,5,东线,10,雅宝路,609、特2、44内环雅宝路站公交车站出站口处，人行过街天桥下，在主路路西侧,6:11,7:28,11:49,15:49,20130715170914763.JPG
91,5,东线,11,肿瘤医院,434、特12内、91路肿瘤医院站公交车站出口处，背后是护城河（在主路路西侧）,6:14,7:35,11:56,15:56,20130801182139812.JPG
92,5,东线,12,左安门外（九点返回不停）,434、91、122路左安门外站公交车站出站口处，在路西侧（背后有个只允许行人进出的小区大门）,6:16,7:37,11:58,15:58,20130804071953982.JPG;20130804072002670.JPG;20130804072009998.JPG
93,5,东线,13,方庄环岛西,方庄体育公园南门口处，在路北侧（斜对面是方庄购物中心）,6:18,7:39,12:00,16:00,20130715170430075.JPG;20130715170439497.JPG
94,5,东线,14,永定门,先农坛体育场南门口右侧路边，“永定门西街”指路牌处，在南二环辅路路北侧,6:23,7:46,12:08,16:08,20130715170340950.JPG;20130715170350778.JPG
95,5,东线,15,陶然亭,特3、63路陶然亭公园南门站公交车站进站口处，有一个限速50公里的牌子（在南二环辅路路北侧）,6:24,7:47,12:10,16:10,20130715170113263.JPG
96,5,东线,16,右安门东,特3、特12、458、377、63、741路右安门东站公交车出站口处，有个西城区人民法院南区的指路牌，在南二环辅路路北侧,6:26,7:50,12:14,16:14,20130715165941856.JPG;20130715165952778.JPG;20130715170000591.JPG
97,5,东线,17,训练场,东方时尚驾校,6:55,8:55,12:55,16:55,
98,5,东线,18,返回,东方时尚驾校,9:05,13:05,17:15,19:15/21:05,
99,6,中线,1,马甸桥北,925、625、641、55路马甸桥北站公交车站出站口处，在辅路路西侧（对面是中国科技会展中心）,5：50,7:00,11:20,15:20,20130715172153434.JPG;20130715172204138.JPG;20130715172210341.JPG
100,6,中线,2,德外关厢,315、55路德外关厢站公交车站进站口处，在路西侧，背后是中国银行的ATM取款机。,5:52,7:02,11:22,15:22,20130715172325481.JPG;20130715172332231.JPG;20130715172339763.JPG
101,6,中线,3,新街口豁口（积水潭桥西）,运通104、夜班车206路新街口豁口站出站口，331、347总站停车场入口人行过街天桥下，在二环路辅路路北侧（对面是中国石化加油站）,5:56,7:15,11:29,15:29,20130715172417309.JPG;20130715172424106.JPG
102,6,中线,4,玉桃园,27、44外环、618路玉桃园站公交车站出站口过街天桥下，在主路路北侧（对面是国际商会大厦）,5:58,7:18,11:31,15:31,20130715172507591.JPG;20130715172513544.JPG
103,6,中线,5,百万庄东口（全天返回不停）,714、697、388、15、65路百万庄东口站公交车站进站口处，在主路路西侧，背后是银龙苑宾馆。,5:59,7:22,11:34,15:34,20140721122513328.jpg;20140721122519656.jpg;20140721122525078.jpg
104,6,中线,6,阜成门南,42、618、456路阜成门南站公交车站出站口处，在辅路路西侧（背后是三夫户外商店和民生银行）,6:01,7:28,11:39,15:39,20130715172600591.JPG;20130715172606653.JPG
105,6,中线,7,红塔礼堂,红塔礼堂东方时尚俱乐部对面,6:05,7:33,11:44,15:44,20130804072159717.JPG;20130804072206607.JPG;20130804072214482.JPG
106,6,中线,8,木樨地西,65、68、78、308、337路木樨地西站公交车站出站口处，在辅路路北侧。（右背后是茂林居酒楼）,6:09,7:38,11:48,15:48,20130715172743950.JPG;20130715172758966.JPG;20130715172804059.JPG
107,6,中线,9,公主坟(新兴桥桥南),新兴桥桥南，在三环路辅路路西侧，海司军队东大门北侧工商银行门前路边,6:14,7:47,11:53,15:53,20130715172849138.JPG;20130715172857513.JPG;20130723113911953.jpg
108,6,中线,10,六里桥南,691、687路六里桥南站公交车站北侧30米，在三环路辅路路西侧（对面是亿客隆的宝岛眼镜）,6:18,7:57,12:01,16:01,20131031175917734.JPG;20130715173036372.JPG;20130715173046403.JPG
109,6,中线,11,丽泽桥,丽泽桥西北角，三环辅路路西侧人行过街天桥下（等车地点的左背后是居然之家）,6:20,7:59,12:03,16:03,20131031175937781.JPG;20131031175943250.JPG;20131031175949296.JPG
110,6,中线,12,七里庄,531、830、840、699路七里庄站公交车站西侧100米，在路北侧（国家电网丰台供电公司大门口右侧路边）,6:24,8:05,12:07,16:07,20131031180015109.JPG;20131031180021187.JPG
111,6,中线,13,北大地,604、340、480路北大地站公交车站北侧15米（捷安特自行车专卖店门前路边）,6:29,8:08,12:12,16:12,20130715173331763.JPG;20130715173347216.JPG
112,6,中线,14,科丰桥,西四环外环科丰桥出口前行50米右侧，在辅路上班车站牌处（斜背后是时代财富天地大楼）,6:33,8:13,12:17,16:17,20130715173435684.JPG;20130715173443263.JPG
113,6,中线,15,花乡桥南,花乡桥南100米路西侧，四合庄村牌楼前面路边,6:36,8:17,12:21,16:21,20130715173627559.JPG;20130715173636325.JPG
114,6,中线,16,训练场,东方时尚驾校,6:55,8:55,12:55,16:55,
115,6,中线,17,返回,东方时尚驾校,9:05,13:05,17:15,19:15/21:05,
116,7,南线,1,上海沙龙北门,美廉美超市门前路边地下停车场入口处，在路南侧,5:45,7:28,11:28,15:28,20130715174121544.JPG;20130715174126028.JPG
117,7,南线,2,大雄商厦,华润万家超市门前路边（达美乐快餐厅门前）在路北侧,5:47,7:30,11:30,15:30,20130715174240638.JPG;20130715174244794.JPG
118,7,南线,3,贵园东里北门,亦庄镇人民政府往东，贵园东里小区北门对面路边，在路北侧,5:50,7:33,11:33,15:33,20130715174324153.JPG;20130715174328559.JPG
119,7,南线,4,旧宫,物美商厦东侧肯德基门前路边，在路北侧。,5:58,7:41,11:41,15:41,20130715174410794.JPG;20130715174415966.JPG
120,7,南线,5,万源路,万源路煤气站门前路边。,6:02,7:46,11:46,15:46,20130715174448778.JPG;20130715174453653.JPG;20130715174457934.JPG
121,7,南线,6,711医院南门,711医院南门向西20米路北侧，背后是万源烟酒超市,6:04,7:48,11:48,15:48,20130715174534841.JPG;20130715174541419.JPG
122,7,南线,7,东高地,中国邮政储蓄门前，益民商业一条街门口，在路东侧,6:06,7:50,11:50,15:50,20130803215853638.jpg;20130715174626388.JPG
123,7,南线,8,三营门,三营门快速公交站过街天桥下，辅路路东侧（对面是天客隆）,6:09,7:53,11:53,15:53,20130715174920481.JPG;20130715174933044.JPG;20130715174941888.JPG
124,7,南线,9,和义农场,中国邮政储蓄门前路边电话亭处，在辅路路东侧,6:12,7:57,11:57,15:57,20130715175021513.JPG;20130715175029075.JPG
125,7,南线,10,大红门桥北,南苑乡文化娱乐中心门前路边，在辅路路东侧。,6:15,8:01,12:01,16:01,20130715175109606.JPG;20130715175118294.JPG
126,7,南线,11,南苑路果园站,729、324路南苑路果园站公交车站进站口处，在主路路东侧，对面是大红门服装商贸城。,6:18,8:03,12:03,16:03,20130715175213888.JPG;20130715175220888.JPG;20130715175226544.JPG
127,7,南线,12,沙子口（返回全天不停）,东城区第一人民医院门口，在路东侧辅路上。,6:21,8:07,12:07,16:07,20130715175304794.JPG;20130715175315903.JPG
128,7,南线,13,木樨园桥西,40路木樨园桥西站公交车站出站口处，在辅路路北侧,6:24,8:10,12:10,16:10,20130715175350934.JPG;20130715175400059.JPG
129,7,南线,14,洋桥西,洋桥立交桥西第一座过街桥下辅路路北报亭处（背后是山西大厦）,6:26,8:12,12:12,16:12,20130715175435934.JPG
130,7,南线,15,草桥站,300路总站停车场入口处，在辅路路北侧。,6:28,8:14,12:14,16:14,20130715175512950.JPG;20130715175521747.JPG
131,7,南线,16,训练场,东方时尚驾校,6:55,8:55,12:55,16:55,
132,7,南线,17,返回,东方时尚驾校,9:05,13:05,17:15,19:15/21:05,
133,8,燕山线,1,东风路,东风路口往东南方向20米，爱心缘面包房门前路边。,5:40,7:20,11:20,15:20,20130716091106356.jpg;20130716091112184.jpg
134,8,燕山线,2,设计院,迎风商场门前路边，在路西侧。,5:46,7:26,11:26,15:26,20130716091151309.jpg
135,8,燕山线,3,燕化邮电局,831、837路燕化邮电局站公交车站进站口处，在路西侧，背后是燕化邮电局。,5:48,7:28,11:28,15:28,20130716091256216.jpg
136,8,燕山线,4,杏花东里,房山区中医院燕化分院大门口处（在路南侧）,5:50,7:30,11:30,15:30,20130716091346200.jpg
137,8,燕山线,5,燕山宏塔小区,831、837、901路宏塔小区站公交车站的主路路边，在路南侧,5:52,7:32,11:32,15:32,20130716091426934.jpg;20130716091434528.jpg;20130716091444716.jpg
138,8,燕山线,6,万宁桥,万宁交通大队门前路边，在路西侧（对面是北关农工商公司）,5:54,7:34,11:34,15:34,20130716091522028.jpg;20130716091532028.jpg
139,8,燕山线,7,仓房小区（原老区政府）,831、837路仓房小区站公交车站进站口处（对面是中国银行）,5:56,7:36,11:36,15:36,20130802170310889.jpg;20130802170318733.jpg
140,8,燕山线,8,房山东大桥,房12、15、18、31路东大桥站公交车站西侧20米路南。（等车地点的对面有个红顶的公共卫生间）,5:59,7:39,11:39,15:39,20130716091715513.jpg;20130716091725481.jpg
141,8,燕山线,9,大董村,901路大董村站公交车站出站口处，人行过街天桥下（在路南侧）,6:06,7:46,11:46,15:46,20130802165905499.jpg;20130802165922624.jpg
142,8,燕山线,10,闫村,房12、15、37路、901、952、971路闫村站公交车站出站口处，在路南侧,6:09,7:51,11:51,15:51,20130716091912638.JPG
143,8,燕山线,11,保良厂,房山区保良汽车修理厂门口（在路南侧）,6:13,7:54,11:54,15:54,20130716091957091.jpg;20130716092010684.jpg
144,8,燕山线,12,北潞园,971、901路北潞园站公交车处，在昊远隆基过街天桥下，在主路路南侧,6:14,7:56,11:56,15:56,20130716092049903.jpg
145,8,燕山线,13,良乡西门,房32路、房37支、835、646、993、901路，良乡西门站公交车进站口处，在路南侧（背后是个用铁栅栏围起来的电力设备）,6:15,7:59,11:59,15:59,20130716092133809.JPG;20130716092152450.jpg;20130716092208997.jpg
146,8,燕山线,14,良乡医院,616、901、837路良乡医院站公交车站出站口处，在路东侧（对面是良乡医院东门）,6:18,8:04,12:04,16:04,20130716092303950.jpg;20130716092313466.JPG
147,8,燕山线,15,良乡北关,616、901、837路良乡北关站公交车站出站口处，在路东侧（对面是房山地税大白楼）,6:19,8:05,12:05,16:05,20130716092357450.JPG;20130716092406591.JPG;20130716092419122.JPG
148,8,燕山线,16,区政府,区政府斜对面房33路、房38路公交车站处，在路南侧，背后有个城管执法的岗亭,6:21,8:08,12:08,16:08,20130716092500591.jpg;20130716092514106.jpg
149,8,燕山线,17,送变电公司路口西,836、839、646路送变电公司路口西站公交车站进站口处，在路南侧（背后是中石化加油站）,6:23,8:10,12:10,16:10,20130716092605950.jpg;20130716092615091.jpg
150,8,燕山线,18,长阳路口,836、646、952、993路长阳路口站公交车站出站口处，在路东侧,6:26,8:13,12:13,16:13,20130716092658231.JPG;20130716092707481.jpg;20130716092716044.jpg
151,8,燕山线,19,西营村,646、993路西营村站公交车站出站口处，在路南侧（等车地点的右侧100米是农职院人行过街天桥）,6:30,8:20,12:20,16:20,20131031175724140.JPG;20131031175729875.JPG
152,8,燕山线,20,训练场,东方时尚驾校,6:55,8:55,12:55,16:55,
153,8,燕山线,21,返回,东方时尚驾校,9:05,13:05,17:15,19:15/21:05,
154,9,西线,1,静安庄,靠近三元大厦的847、718、367路静安庄站公交车站出站口右侧10米路边，在三环辅路上。,5:45,7:00,11:25,15:25,20130716093324184.JPG;20130716093329013.JPG
155,9,西线,2,西坝河,恒川广场门前路边，朝阳校车站牌处，在路北侧,5:46,7:01,11:26,15:26,20130716093410216.JPG;20130716093417419.JPG
156,9,西线,3,和平东桥,367、718、671路和平东桥站公交车站进站口港湾处，在辅路路北侧（背后是一碗香牛肉面）,5:48,7:05,11:30,15:30,20130716093501200.JPG
157,9,西线,4,和平西桥,847、607路和平西桥站公交车站进站口港湾处，在辅路路北侧（对面是易亨大厦）,5:50,7:07,11:32,15:32,20130716093540450.JPG;20130716093548716.JPG
158,9,西线,5,安贞桥西,671、718路安贞桥西站公交车站进站口处，在辅路路北侧（对面是中国木偶剧院）,5:51,7:10,11:35,15:35,20130716093628450.JPG;20130716093640825.JPG
159,9,西线,6,安华桥西,731路安华桥西站公交车站东侧人行过街天桥下，在主路路北侧，背后是中国建设银行。,5:52,7:12,11:37,15:37,20130716093728075.JPG;20130716093735403.JPG
160,9,西线,7,北太平庄,北太平庄路口东北角城建大厦东侧（东方时尚报名处）门前，在辅路路北侧。,5:54,7:15,11:40,15:40,20130716093831966.JPG;20130716093841669.JPG
161,9,西线,8,蓟门桥东站,367，361，16路蓟门桥东站公交车站出战口处，过街天桥下，路北侧.,5:55,7:17,11:42,15:42,20140310093449546.jpg;20140310093506453.jpg;20140310093514875.jpg
162,9,西线,9,四通桥东,79、614路四通桥东站公交车站进站口港湾处，在辅路路北侧（等车地点左侧是人行过街天桥）,5:57,7:21,11:45,15:45,20130716093918856.JPG;20130716093925341.JPG
163,9,西线,10,中国农业科学院,北京理工大学东大门口，在路西侧。,6:00,7:25,11:49,15:49,20130716094008497.JPG;20130716094019325.JPG
164,9,西线,11,中央民族大学（气象局）,中国空间技术研究院门前过街天桥下，在辅路路西侧（对面是湖北大厦）,6:01,7:28,11:52,15:52,20130716094059216.JPG;20130716094112809.JPG;20130716094120153.JPG
165,9,西线,12,白石桥西,360快、588、347路，白石桥西站公交车站出站口处，在路北侧（在一个“让”字指示牌下）,6:05,7:33,11:56,15:56,20130716094158341.JPG;20130716094205028.JPG;20130716094212716.JPG
166,9,西线,13,紫竹桥南,特8外、374、944支、968、运通108、323路紫竹桥南站北侧加油站出口处马路边上。,6:09,7:40,12:01,16:01,20130716094251716.JPG;20130716094301731.JPG
167,9,西线,14,首师大东门,首都师范大学东门口北侧，对面是威尔谛姜杰琴城。（在西三环辅路路西侧）,6:11,7:42,12:03,16:03,20130716094347528.JPG;20130716094354763.JPG;20130716094404544.JPG
168,9,西线,15,航天桥西,967、92、121路航天桥西站公交车站进站口处，背后是中国核信息院南门（在路北侧）,6:13,7:45,12:05,16:05,20130716094449450.JPG;20130716094503528.JPG
169,9,西线,16,定慧寺东,653、698、701路定慧寺东站公交车站背后辅路，在路北侧，等车地点背后是便宜坊烤鸭店 ,6:15,7:53,12:09,16:09,20130716094620044.JPG;20130716094630684.JPG;20130716094639903.JPG
170,9,西线,17,金沟河桥南,740外环、634、568路金沟河桥南站公交车站过街天桥北侧，西四环辅路路西侧（对面是卓展购物中心）,6:18,7:56,12:12,16:12,20130716094732591.JPG;20130716094741841.JPG;20130716094800684.JPG
171,9,西线,18,五棵松桥南（九点返回不停）,624、693、740外环、运通115五棵松桥南站公交车站出站口处，在路西侧辅路上。,6:21,7:58,12:14,16:14,20130716094853716.JPG;20130716094904544.JPG
172,9,西线,19,沙窝桥西（九点返回不停）,354、959、634、736路沙窝桥西站公交车站出站口处在路北侧,6:24,8:00,12:17,16:17,20130716095000075.JPG;20130716095009309.JPG;20130716095016122.JPG
173,9,西线,20,莲玉桥西,663、472路莲玉桥西站公交车站出站口处人行过街天桥下方西侧，在辅路路北侧。,6:26,8:02,12:20,16:20,20130716095050044.JPG;20130716095055294.JPG
174,9,西线,21,芳园西街南口,890、951、472芳园西街南口站公交车站出站口处人行过街天桥下方西侧，在辅路路北侧。,6:28,8:05,12:22,16:22,20130716095301169.JPG;20130716095306653.JPG
175,9,西线,22,训练场,东方时尚驾校,6:55,8:55,12:55,16:55,
176,9,西线,23,返回,东方时尚驾校,9:05,13:05,17:15,19:15/21:05,
177,10,学院线,1,学知桥北站,运通103、392、478路学知桥北站公交车站出站口处，在路东侧，中国电信博物馆门前,5:50,7:10,11:30,15:30,20130716095632966.JPG;20130716095637606.JPG;20130716095641372.JPG
178,10,学院线,2,成府路口南,928、693、562、609路成府路口南站公交车站出站口处（在主路路东侧）,5:52,7:13,11:33,15:33,20130716095718450.JPG;20130716095724434.JPG;20130716095738263.JPG
179,10,学院线,3,静淑苑,632、609、693路静淑苑站公交车站进站口处，在主路路西侧，左侧是人行过街天桥，背后有个塑料七厂的门市部,5:55,7:20,11:38,15:38,20130716095811388.JPG;20130716095820434.JPG;20130716095829856.JPG
180,10,学院线,4,北京林业大学,355、438、运通110路北京林业大学站公交车站东侧人行过街天桥下，在路北侧,5:57,7:23,11:41,15:41,20130716095904794.JPG;20130716095910841.JPG;20130716095917997.JPG
181,10,学院线,5,清华大学东门,紫光大厦和招商银行南（很多旗杆处马路边上）,6:01,7:30,11:46,15:46,20130716100108513.JPG;20130716100116559.JPG
182,10,学院线,6,蓝旗营,628、656、331、562路蓝旗营站公交车站进站口处，在主路路北侧（背后是平安银行）,6:03,7:33,11:48,15:48,20130716100200278.JPG;20130716100208528.JPG;20130716100215059.JPG
183,10,学院线,7,圆明园南门,特6、498、628、697路圆明园南门站公交车站向东50米停车场出入口，黄色公用电话处 （在路北侧）,6:07,7:39,11:53,15:53,20130716100252466.JPG;20130716100259138.JPG
184,10,学院线,8,北京大学西门,北京大学西门往南路西侧的马路边上（背后是个停车场出入口和一个公共卫生间）,6:09,7:41,11:55,15:55,20130716100333606.JPG;20130716100341653.JPG;20130716100348981.JPG
185,10,学院线,9,西苑医院（返回全天不停）,特5、运通108、384、534、664路西苑医院站公交车站北侧30米处，背后是海淀区地方税务局大门，在辅路路西侧,6:14,7:47,12:01,16:01,20130716100507559.JPG;20130716100518513.JPG;20130716100528059.JPG
186,10,学院线,10,东冉村,983、913、992、740外环、121路东冉村站公交车站南侧，北京华医皮肤病医院门口右侧路边（在西四环辅路路西侧）,6:20,7:56,12:10,16:10,20130716100612716.JPG;20130716100619591.JPG
187,10,学院线,11,四季青桥南,740外环、121、355、982路四季青桥南站公交车站北侧20米，金四季购物中心东门口的报亭处，在西四环外环辅路路西侧,6:23,8:01,12:14,16:14,20130716100653981.JPG;20130716100659231.JPG;20130716100704731.JPG
188,10,学院线,12,五路桥,981、121、运通115、110、113路五路桥站公交车站进站口处，在辅路路西侧，过街天桥下,6:24,8:02,12:15,16:15,20140721122546375.jpg;20140721122551734.jpg;20140721122557406.jpg
189,10,学院线,13,训练场,东方时尚驾校,6:55,8:55,12:55,16:55,
190,10,学院线,14,返回,东方时尚驾校,9:05,13:05,17:15,19:15/21:05,
191,11,石景山线,1,承泽苑,941、960、977承泽苑站公交车站南侧20米，门头沟交通支队大门口处 ，在路东侧。,5:45,7:00,11:20,15:20,20130716102430731.JPG;20130716102437309.JPG;20130716102442169.JPG
192,11,石景山线,2,麻峪北口,981、961、运通101、麻峪北口站公交车站处，在路南侧。,5:47,7:02,11:22,15:22,20130716102538638.JPG;20130716102544966.JPG
193,11,石景山线,3,高井路口南,961、325路高井路口南站公交车站处。,5:48,7:05,11:25,15:25,20130716102647606.JPG;20130716102655513.JPG;20130716102700122.JPG
194,11,石景山线,4,首钢小区, 运通112，运通116，941，959，首钢小区站公交车站出站口处，在路西侧。,5:50,7:10,11:30,15:30,20130716102734309.JPG;20130716102740231.JPG;20130716102749606.JPG
195,11,石景山线,5,金顶街三区,311、597、472路金顶街三区小区北门公交车站处，在路南侧。,5:52,7:13,11:33,15:33,20130716102825653.JPG;20130716102832450.JPG
196,11,石景山线,6,地铁苹果园站北门,598、527、399内环、472路地铁苹果园站北门公交车站处，在路南侧。,5:54,7:15,11:35,15:35,20130716102907216.JPG;20130716102914606.JPG
197,11,石景山线,7,苹果园中学,370、336、664路苹果园中学站公交车站出站口处，在路南侧,5:57,7:20,11:39,15:39,20130716102952075.JPG;20130716102959934.JPG;20130716103016216.JPG
198,11,石景山线,8,丁字口黄南苑小区,399内环、598路黄南苑小区站公交车出站口处在路西侧（石景山地税局往南的公交车站）,5:59,7:23,11:41,15:41,20130716103053669.JPG;20130716103059731.JPG;20130716103108013.JPG
199,11,石景山线,9,杨庄小区,598、527路杨庄小区站公交车出站口处，在路西侧，背后是杨庄小区34号楼,6:02,7:29,11:44,15:44,20130716103146606.JPG;20130716103156934.JPG
200,11,石景山线,10,八角西街北口,399内环、527、598路八角西街北口站公交车站出站口处，在路西侧（背后是庆丰包子铺）,6:04,7:32,11:46,15:46,20130716103241372.JPG;20130716103254138.JPG
201,11,石景山线,11,古城东街,古城公园往南路西侧的东方时尚报名处门前路边。,6:06,7:35,11:49,15:49,20130716103332684.JPG;20130716103339231.JPG
202,11,石景山线,12,八角,354、337、327路八角站公交车站出站口处，在路南侧，背后是巴布科克 威尔科克斯有限公司大门口（原北京锅炉厂）,6:09,7:39,11:52,15:52,20130716103419122.JPG;20130716103429747.JPG;20130716103437200.JPG
203,11,石景山线,13,京原东站,337、959、598、941路京原东站公交车站出口处在路南侧（背后是华联商厦）,6:12,7:43,11:55,15:55,20130716103512278.JPG;20130716103520106.JPG;20130716103536544.JPG
204,11,石景山线,14,永乐西小区,598、597、663、路永乐西小区站公交车站出站口处，在主路路南侧 。,6:14,7:45,11:58,15:58,20130716103614231.JPG;20130716103624403.JPG;20130716103633888.JPG
205,11,石景山线,15,鲁谷西站,308、958、597、路鲁谷西站公交车站出站口处，在主路路南侧（背后是大中电器）,6:16,7:47,12:00,16:00,20130716103719716.JPG;20130716103753684.JPG;20130716103803138.JPG
206,11,石景山线,16,鲁谷路东口,308、78、564路鲁谷路东口站公交车站进站口处，在主路路南侧。,6:18,7:49,12:02,16:02,20130716103845528.JPG
207,11,石景山线,17,石槽,959、473、338、354、路石槽站公交车站进站口处，在西侧的主路上（对面是名仕医院住院部,6:20,7:53,12:05,16:05,20130716103946622.JPG;20130716103957544.JPG;20130716104008325.JPG
208,11,石景山线,18,青塔蔚园,611、64、620路青塔蔚园站公交车站进站口处，在路西侧主路上（左背后是中国工商银行）,6:23,7:57,12:08,16:08,20130716104057184.JPG;20130716104107700.JPG
209,11,石景山线,19,郑常庄,大成路东口往南的354、624、473、736、运通115路郑常庄站公交车站出站口处，在四环路辅路路西侧，斜背后是物美大卖场,6:25,8:00,12:10,16:10,20130716104149794.JPG;20130716104200903.JPG;20130716104210575.JPG
210,11,石景山线,20,训练场,东方时尚驾校,6:55,8:55,12:55,16:55,
211,11,石景山线,21,返回,东方时尚驾校,9:05,13:05,17:15,19:15/21:05,
212,12,通州线,1,武夷花园,武夷花园牡丹园小区南门口处，在主路路北侧，背后是华联商厦,5:50,7:00,11:20,15:20,20130716101032497.JPG
213,12,通州线,2,通州区中心血站,通湖大街上的加华印象街小区南门口处、在主路路北侧,5:51,7:02,11:21,15:21,20130716101238200.JPG;20130716101245403.JPG;20130716101253169.JPG
214,12,通州线,3,通州东关,806路通州东关站公交车站进站口东侧20米，监控摄像头灯杆处，在主路路北侧，斜对面是国家电网北京通州供电公司大门口。,5:53,7:05,11:23,15:23,20130922143328973.jpg;20130716101340325.JPG
215,12,通州线,4,西大街路口西,316、342、372、649路、西大街路口西站、公交车站出站口处、在路北侧（右背后是通州区地震局）,5:57,7:11,11:27,15:27,20130716101430622.JPG;20130716101437372.JPG
216,12,通州线,5,通州西门路口东,316、342、435、372路通州西门路口东站、公交车站出口处，在路北侧（背后是沃丰达数码广场，沃丰达新华大街营业厅）,5:58,7:12,11:28,15:28,20130716101542450.JPG;20130716101550059.JPG;20130716101555841.JPG
217,12,通州线,6,通州北苑路口西,938、801路通州北苑路口西站，公交车站出站口处，在辅路路北侧。,6:02,7:18,11:31,15:31,20130716101635138.JPG;20130716101642075.JPG
218,12,通州线,7,杨闸,管庄地铁站西北角，京通快速路辅路上（燕京药业南门口处）在京通快速路辅路路北侧。,6:07,7:28,11:41,15:41,20130716101716950.JPG
219,12,通州线,8,双桥西,397、475、506路双桥西站公交车站处出站口处，在京通快速路辅路路北侧。,6:10,7:38,11:48,15:48,20130716101753388.JPG
220,12,通州线,9,北京第二外国语学院,北京第二外国语学院南大门口东侧路边，在京通快速路辅路路北侧。,6:11,7:40,11:49,15:49,20130716101834216.JPG
221,12,通州线,10,中国传媒大学,中国传媒大学南大门口东侧路边、在京通快速路辅路路北侧。,6:12,7:41,11:50,15:50,20130716101917419.JPG
222,12,通州线,11,高碑店桥东,312、475、666、506路高碑店桥东站公交车站前面路边上，在路南侧，背后是北京现代波士山店机修车间,6：15,7:45,11:54,15:54,20130716102032731.JPG;20130716102047200.JPG
223,12,通州线,12,训练场,东方时尚驾校,6:55,8:55,12:55,16:55,
224,12,通州线,13,返回,东方时尚驾校,9:05,13:05,17:15,19:15/21:05,
225,13,良乡大学城,1,窦店镇政府,835、993路公交车窦店镇政府站南侧100米，在路东侧，对面是窦店镇政府,5:40,7:20,11:20,15:20,20140212144246546.jpg;20140212144327671.jpg;20130716104636888.JPG
226,13,良乡大学城,2,田园村,835、993路公交车田园村站进站口处，在路东侧,5:41,7:21,11:21,15:21,20130716104740981.JPG;20130716104746653.JPG
227,13,良乡大学城,3,金鑫苑,835、993路公交车金鑫苑站进站口处，在路东侧，背后是战神户外商店,5:43,7:23,11:23,15:23,20130716104856903.JPG;20130716104902294.JPG;20130716104908216.JPG
228,13,良乡大学城,4,房山于庄,835、835快车公交车站的出站口处，在路南侧，背后是金斗昌商场,5:45,7:26,11:26,15:26,20130716104946638.JPG;20130716104953450.JPG;20130716104959263.JPG
229,13,良乡大学城,5,七里店,835快车、993路七里店公交车站出站口处，在路南侧,5:48,7:29,11:29,15:29,20130716105046950.JPG;20130716105054122.JPG;20130716105101403.JPG
230,13,良乡大学城,6,小十三里,835、993路小十三里站公交车站处，在路东侧,5:52,7:32,11:32,15:32,20130716105136122.JPG;20130716105142388.JPG
231,13,良乡大学城,7,大十三里,835、993路大十三里站公交车站处，在路东侧,5:55,7:36,11:36,15:36,20130716105226169.JPG;20130716105232841.JPG
232,13,良乡大学城,8,良乡肖庄,835、993路良乡肖庄公交车站处，在路东侧,5:58,7:40,11:40,15:40,20130716105311934.JPG;20130716105319716.JPG
233,13,良乡大学城,9,鸿顺园小区,报名分部门前路边报刊亭处，马路对面是中研中医院,6:04,7:46,11:46,15:46,20130716105359013.JPG;20130716105406872.JPG;20130716105415044.JPG
234,13,良乡大学城,10,北京工商大学,北京工商大学、东西校区过街天桥下，公交车站进站口处，在路东侧,6:08,7:50,11:50,15:50,20130716105453138.JPG;20130716105501091.JPG
235,13,良乡大学城,11,良乡伟业家园（北京理工大学）,北京理工大学良乡校区西侧红绿灯路口东北角，832路公交车站进站口处，在阳光北大街上，在路东侧,6:10,7:53,11:53,15:53,20130716105541044.JPG;20130716105550403.JPG
236,13,良乡大学城,12,良乡梅花庄,在阳光北大街上，832路良乡梅花庄站公交车站进站口处，在路东侧,6:12,7:55,11:55,15:55,20130716105630778.JPG;20130716105639513.JPG;20130716105648388.JPG
237,13,良乡大学城,13,碧波园,房山13、28、33路碧波园小区站公交车站进站口处，在路南侧，背后是碧波园小区大门口,6:15,7:59,11:59,15:59,20130716105727466.JPG;20130716105739169.JPG
238,13,良乡大学城,14,葫芦垡站,葫芦垡红绿灯路口南，在路西侧，对面是金色河畔1区5号楼高层建筑,6:21,8:06,12:06,16:06,20130716105816981.JPG;20130716105826356.JPG;20130716105835825.JPG
239,13,良乡大学城,15,马村站,马村村委会的马路对面，在路南侧,6:27,8:11,12:11,16:11,20130716105919294.JPG;20130716105926388.JPG
240,13,良乡大学城,16,新立村,新立村村委会马路对面，在路南侧。,6:30,8:14,12:14,16:14,20130716110005528.JPG;20130716110013684.JPG
241,13,良乡大学城,17,罗奇营小区,罗奇营小区西侧红绿灯路口北侧路东，在芦求路上,6:33,8:19,12:19,16:19,20130716110051700.JPG
242,13,良乡大学城,18,后辛庄路口（大兴一职）,后辛庄红绿灯路口东北角，在路东侧，在芦求路上,6:36,8:23,12:23,16:23,20130716110130559.JPG
243,13,良乡大学城,19,训练场,东方时尚驾校,6:55,8:55,12:55,16:55,
244,13,良乡大学城,20,返回,东方时尚驾校,9:05,13:05,17:15,19:15/21:05,
245,14,大兴线,1,马驹桥,百尚生活广场南门，神龙潼关三区南门对面马路边上，在路南侧（斜对面是庆丰包子铺）,5:50,7:20,11:20,15:20,20130716110748622.JPG;20130716110753638.JPG;20130716110759059.JPG
246,14,大兴线,2,凉水河桥南,542环行、846、723路凉水河桥南公交车站向南100米，东方时尚报名处门前，在路东侧,5:52,7:22,11:22,15:22,20130716110853841.JPG
247,14,大兴线,3,凉水河桥北,542环行、821路凉水河桥北站公交车站处，在路东侧，背后是永康公寓楼下的北京农商银行,5:54,7:24,11:24,15:24,20130716110931091.JPG;20130716110937231.JPG
248,14,大兴线,4,中国杂技团,723、846、976路中国杂技团站公交车站处，在路东侧,5:56,7:26,11:26,15:26,20130716111016450.JPG
249,14,大兴线,5,开发区交通服务中心南门,324、453、652路开发区交通服务中心站公交车站处，在路北侧，背后是中国工商银行,5:58,7:29,11:29,15:29,20130716111111122.JPG;20130716111117169.JPG
250,14,大兴线,6,青年公寓北门,运通115、665、453路青年公寓北门站公交车站处，在路北侧（斜对面是青年公寓北门）,6:00,7:32,11:32,15:32,20130716111200841.JPG;20130716111207231.JPG
251,14,大兴线,7,中心花园,运通115、665、453路中心花园站公交车站处，在路西侧，对面有个120急救站,6:02,7:34,11:34,15:34,20130716111247513.JPG;20130716111301450.JPG;20130716111310247.JPG
252,14,大兴线,8,鹿海园小区,运通202、运通115、665路鹿海园小区站公交车站处，在路北侧,6:04,7:36,11:36,15:36,20130716111349731.JPG;20130716111401075.JPG
253,14,大兴线,9,玉璟园,453路玉璟园站公交车站处，在路北侧，斜对面是玉璟园小区北门,6:07,7:40,11:40,15:40,20130716111436403.JPG;20130716111444841.JPG
254,14,大兴线,10,瀛海,341、953、526、926路瀛海站公交车站处，在路西侧，对面是北京农商银行,6:10,7:44,11:44,15:44,20130716111607513.JPG;20130716111615513.JPG
255,14,大兴线,11,南宫村,926、341路南宫村站公交车站处，在路西侧,6:13,7:49,11:49,15:49,20130716111654184.JPG;20130716111750747.JPG
256,14,大兴线,12,磁各庄桥,六环路磁各庄桥下红绿灯路口西北角,6:17,7:54,11:54,15:54,20130716111919809.JPG;20130716111931434.JPG;20130716111938403.JPG
257,14,大兴线,13,刘村,679、940路刘村站公交车站处，在路北侧,6:20,7:59,11:59,15:59,20130716112018622.JPG
258,14,大兴线,14,军委电台,军委电台北口红绿灯处，在路北侧，左背后是北京市公安局大兴巡警支队,6:22,8:02,12:02,16:02,20130716112058919.JPG;20130716112121294.JPG;20130716112131684.JPG
259,14,大兴线,15,海子角,679、940路海子角北口站公交车站处，对面是北京路桥瑞通养护中心六处（在路北侧）,6:24,8:04,12:04,16:04,20130716112219434.JPG;20130716112229059.JPG
260,14,大兴线,16,大兴桥北,842、840、679路大兴桥北站公交车站出站口处，在路东侧，背后是华夏门诊部,6:26,8:06,12:06,16:06,20130716112307653.JPG;20130716112316684.JPG
261,14,大兴线,17,黄村,679、840、842路、新城1路、兴19、21路黄村站公交车站出站口处（在路东侧）,6:28,8:08,12:08,16:08,20130716112342841.JPG
262,14,大兴线,18,黄村东大街,黄村东大街上，王府井百货对面北京农村商业银行门前路边，在路北侧,6:30,8:10,12:10,16:10,20130716112426434.JPG;20130716112434231.JPG;20130716112441888.JPG
263,14,大兴线,19,兴丰家园小区,兴丰家园小区西门口，在路东侧,6:32,8:12,12:12,16:12,20130716112519903.JPG;20130716112527231.JPG
264,14,大兴线,20,仁和医院,仁和医院东大门对面，在路东侧,6:34,8:14,12:14,16:14,20130716112627388.JPG;20130716112635013.JPG
265,14,大兴线,21,大兴中医院,新城2路、842、兴14路大兴中医院站公交车站处，在路东侧,6:36,8:16,12:16,16:16,20130716112748184.JPG;20130716112754981.JPG
266,14,大兴线,22,滨河西里北区,新城2路、848路、兴14路、兴36路滨河西里北区站公交车站处，在路东侧,6:38,8:18,12:18,16:18,20130716112826247.JPG;20130716112833450.JPG
267,14,大兴线,23,枣园东里,华堂商场往西，首邑上城小区北门正对面路边，在路北侧,6:40,8:20,12:20,16:20,20130716112929122.JPG;20130716112936809.JPG
268,14,大兴线,24,大兴八中,940、841、631、842路大兴八中站公交车站处，斜对面是大兴八中,6:42,8:22,12:22,16:22,20130716113019044.JPG;20130716113025950.JPG
269,14,大兴线,25,训练场,东方时尚驾校,6:55,8:55,12:55,16:55,
270,14,大兴线,26,返回,东方时尚驾校,9:05,13:05,17:15,19:15/21:05,
271,15,高校专线,1,牡丹园,331、618、579路牡丹园站公交车站出站口处，在主路路西侧,5:50,7:10,11:20,15:20,20130723153649031.JPG;20130723153654359.JPG;20130723153659640.JPG
272,15,高校专线,2,北京师范大学东门,运通104、304、92、620路铁狮子坟站公交车站出站口处，人行过街天桥正下方，背后是北京师范大学东门，在主路路西侧,5:52,7:13,11:23,15:23,20130723153742781.JPG;20130723153752921.JPG
273,15,高校专线,3,北京师范大学南门站,304、620、579、92路北京师范大学南门站公交车站进站口处，在主路路北侧,5:55,7:15,11:26,15:26,20130723153843921.JPG;20130723153849906.JPG
274,15,高校专线,4,明光桥东（北京邮电大学南门）,304、92、620路明光桥东站公交车站出站口处，在主路路北侧,5:57,7:18,11:28,15:28,20130723153959703.JPG;20130723154009156.JPG
275,15,高校专线,5,明光村站,运通103、620、16路明光村站公交车站进站口处，在主路路北侧，背后是学院派时尚购物广场物美大卖场入口,5:58,7:20,11:31,15:31,20130723154108890.JPG;20130723154118328.JPG
276,15,高校专线,6,皂君庙（中央财经大学南门）,16、87、651、92路皂君庙站公交车站进站口处，在主路路北侧，背后是融金中财大酒店,6:02,7:23,11:35,15：35,20130723154203765.JPG;20130723154217437.JPG
277,15,高校专线,7,北京交通大学西门,北京交通大学西门南侧10米路边，在路东侧,6：08,7：30,11：43,15：43,20130723154337781.JPG
278,15,高校专线,8,中国农业科学院南门,运通103、620、651、660路中国农业科学院南门站公交车站进站口处，在主路路北侧,6：11,7：33,11：46,15：46,20130723154414968.JPG;20130723154420015.JPG
279,15,高校专线,9,魏公村路东口站,运通103、563、620魏公村路东口站公交车站进站口东侧30米民族大学西路北口交通指路牌处，在路北侧,6：14,7：38,11：50,15：50,20130723154457921.JPG
280,15,高校专线,10,为公桥（北京外国语大学东门）,944、968、运通108、109、110、201路为公桥站公交车站出站口处，在西三环辅路路西侧（等车地点的对面桥上是万寿桥三个字）,6：17,7：42,11：56,15：56,20131031175604859.JPG;20130723154537421.JPG
281,15,高校专线,11,训练场,东方时尚驾校,6:55,8:55,12:55,16:55,
282,15,高校专线,12,返回,东方时尚驾校,9:05,13:05,17:15,19:15/21:05,
283,16,晚班班车一线,1,朝阳门南,特12内、特2内、44路内环朝阳门南站公交车站出站口处，人行过街天桥正下方，在主路路西侧,-,-,-,19点上课（17:40）,20131025175844311.JPG;20131025175851264.JPG
284,16,晚班班车一线,2,雅宝路,609、特2、750、44内环雅宝路站公交车站出站口处，人行过街天桥正下方，在主路路西侧,-,-,-,19点上课（17:41）,20131025180040327.JPG
285,16,晚班班车一线,3,肿瘤医院,434、特12内、91路肿瘤医院站公交车站出口处，背后是护城河（在主路路西侧）,-,-,-,19点上课（17:50）,20131025180141858.JPG
286,16,晚班班车一线,4,方庄环岛西,方庄体育公园南门口处，在路北侧（斜对面是方庄购物中心）,-,-,-,19点上课（17:56）,20131025180348170.JPG;20131025180518874.JPG
287,16,晚班班车一线,5,刘家窑桥南,599路刘家窑桥南站公交车站进站口处，在主路路西侧（对面是铁营医院红色大楼）,-,-,-,19点上课（18:05）,20131025180839889.JPG;20131025181008420.JPG
288,16,晚班班车一线,6,榴乡桥北,599路榴乡桥北站公交车站进站口处，在主路路西侧，等车地点的背后有个京深海鲜旗舰店,-,-,-,19点上课（18:08）,20131025181147030.JPG;20131025181153749.JPG;20131025181201108.JPG
289,16,晚班班车一线,7,训练场,东方时尚驾校,-,-,-,19点上课（18:50）,
290,17,晚班班车二线,1,阜成门南,42、618、456路阜成门南站公交车站出站口处，在辅路路西侧（背后是三夫户外商店和民生银行）,-,-,-,19点上课（17:40）,20131029122117843.JPG;20131029122129500.JPG
291,17,晚班班车二线,2,红塔礼堂,红塔礼堂东方时尚俱乐部对面,-,-,-,19点上课（17:45）,20131029122420859.JPG;20131029122428843.JPG;20131029122438109.JPG
292,17,晚班班车二线,3,木樨地西,65、68、78、308、337路木樨地西站公交车站出站口处，在辅路路北侧。（右背后是茂林居酒楼）,-,-,-,19点上课（17:50）,20131029122728250.JPG;20131029122737765.JPG;20131029122747875.JPG
293,17,晚班班车二线,4,公主坟,新兴桥桥南辅路路西侧，海司军队东大门北侧工商银行门前路边,-,-,-,19点上课（17:58）,20131029122832921.JPG;20131029122841921.JPG;20131029122851156.JPG
294,17,晚班班车二线,5,郑常庄,大成路东口往南的354、624、473、736、运通115路郑常庄站公交车站出站口处，在四环路辅路路西侧，斜背后是物美大卖场,-,-,-,19点上课（18:08）,20131029123503171.JPG;20131029123515734.JPG;20131029123523656.JPG
295,17,晚班班车二线,6,训练场,东方时尚驾校,-,-,-,19点上课（18:50）,